Genes	EGFR	Hypoxia	JAK.STAT	MAPK	NFkB	PI3K	TGFb	TNFa	Trail	VEGF	p53
ABCA12	0	0	0	0	0	0	0	0	0	0	9.5971821188
ABCA6	0	0	0	0	0	0	-3.271536895	0	0	0	0
ABCA8	0	0	0	0	0	0	-1.7092450799	0	0	0	0
ACER2	0	0	0	0	0	0	0	0	0	0	11.5960643896
ACOX3	0	0	0	0	0	0	2.7215287652	0	0	0	0
ACTC1	0	0	0	0	0	0	3.3374297972	0	0	0	0
ACVR2B-AS1	0	0	0	0	0	-3.9298862692	0	0	0	0	0
ADAM12	0	0	0	0	0	0	3.9683045345	0	0	0	0
ADAM6	0	0	0	0	0	0	0	0	1.3564413579	0	0
ADAMTS17	0	0	0	0	0	0	0	0	-1.5773492574	0	0
ADAR	0	0	3.8749289607	0	0	0	0	0	0	0	0
ADGRD1	0	0	0	0	0	0	0	0	0	-3.6866452326	0
ADM	0	17.8256961411	0	0	0	0	0	0	0	0	0
ADORA1	1.2678100084	0	0	0	0	0	0	0	0	0	0
AEBP1	0	0	0	0	0	-4.0926107877	0	0	0	0	0
AEN	2.9874028974	0	0	3.2161182645	0	0	0	0	0	0	0
AGAP6	0	0	0	0	0	0	0	0	-1.8548930173	0	0
AHRR	0	0	0	0	0	0	0	0	0	18.5042225173	0
AJUBA	-3.1932646626	0	0	0	0	0	0	0	0	0	0
AK1	0	0	0	0	0	0	0	0	0	0	4.352992415
AK4	0	9.6930235007	0	0	0	0	0	0	0	0	0
AK5	0	0	0	0	0	0	-3.3571324401	0	0	0	0
AKR1B1	0	0	0	0	0	0	0	6.5966930356	0	0	0
AKR1B10	0	0	0	0	0	0	0	0	0	0	10.32207734
ALDH1A1	0	0	0	0	0	0	0	0	0	-6.4025083282	0
ALDOA	0	7.6546780809	0	0	0	0	0	0	0	0	0
ALDOC	0	13.1615236445	0	0	0	0	0	0	0	0	0
AMIGO1	0	0	0	0	0	-6.0003210128	0	0	0	0	0
ANAPC16	-1.8210183581	0	0	0	0	0	0	0	0	0	0
ANGPTL4	0	12.6406906456	0	0	0	0	0	0	0	0	0
ANKLE2	0	0	0	0	2.2119763224	0	0	2.3679316803	0	0	0
ANKRA2	0	0	0	0	0	0	0	0	0	0	10.8896309742
ANKRD20A12P	0	0	0	0	0	0	0	0	0	0	3.6917744097
ANKRD33B	0	0	0	0	4.4942987249	0	0	0	0	0	0
ANKRD36BP2	0	0	0	0	0	0	0	0	0	-1.5458676935	0
ANKRD37	0	8.484976152	0	0	0	0	0	0	0	0	0
ANKS1B	0	0	0	0	0	0	0	0	0	-2.5775184909	0
ANKZF1	0	7.3581628656	0	0	0	0	0	0	0	0	0
APBA3	0	0	0	0	0	0	0	2.1770857651	0	0	0
APOBEC3G	0	0	2.8264631097	0	0	0	0	0	0	0	0
APOC1	0	0	0	0	0	-5.0613101469	0	0	0	0	0
APOL1	0	0	5.3474991227	0	0	0	0	0	0	0	0
APOL2	0	0	3.6560576649	0	0	0	0	0	0	0	0
APOL3	0	0	4.8450074018	0	0	0	0	0	0	0	0
APOL4	0	0	2.5144656749	0	0	0	0	0	0	0	0
APOL6	0	0	6.474920883	0	0	0	0	0	0	0	0
AREG	0	0	0	4.9322864164	0	0	0	0	0	0	0
ARHGAP11A	0	0	0	0	0	0	0	0	0	0	-7.9762263633
ARHGEF17	0	0	0	-1.3968910912	0	0	0	0	0	0	0
ARSJ	0	0	0	0	0	7.0610807819	0	0	0	0	0
ART4	0	0	0	0	0	0	0	0	0	-2.0645224956	0
ASB8	0	0	0	-1.6939961535	0	0	0	0	0	0	0
ATG2B	-1.645580447	0	0	0	0	0	0	0	0	0	0
ATP10A	0	0	0	0	0	0	2.7848571466	0	0	0	0
ATP5E	0	0	0	0	0	0	0	0	1.4563903906	0	0
ATP6V1G2	0	0	0	0	0	-7.2373462276	0	0	0	0	0
ATXN3	-1.2742786738	0	0	0	0	0	0	0	0	0	0
B4GALT1	0	0	0	0	2.536198718	0	0	2.7458532612	0	0	0
BAAT	0	0	0	0	0	-3.5575387811	0	0	0	0	0
BACH2	0	0	0	0	0	0	0	0	1.9392339022	0	0
BATF2	0	0	8.6134951061	0	0	0	0	0	0	0	0
BBIP1	-1.1843189582	0	0	0	0	0	0	0	0	0	0
BCAR3	0	0	0	0	0	0	0	0	0	5.8320103932	0
BCKDK	0	2.6450387919	0	0	0	0	0	0	0	0	0
BCL2A1	0	0	0	0	14.4169245738	0	0	17.2250076052	0	0	0
BCOR	0	0	0	0	0	0	2.7357464929	0	0	0	0
BDH2	0	0	0	-2.4965908679	0	0	0	0	0	0	0
BDKRB1	0	0	0	0	0	0	0	4.9223060518	0	0	0
BEGAIN	0	0	0	0	0	-4.1964771667	0	0	0	0	0
BEND4	0	0	0	0	0	0	0	0	0	-2.4709284354	0
BGN	0	0	0	0	0	0	3.2378399998	0	0	0	0
BHLHE40	0	15.2423595973	0	0	0	0	0	0	0	0	0
BHMT	0	0	0	0	0	0	0	0	1.2766723826	0	0
BID	0	0	0	0	4.7298235392	0	0	5.6041317628	0	0	0
BIRC2	0	0	0	0	4.0113793295	0	0	4.6716612507	0	0	0
BIRC3	0	0	0	0	12.4576121742	0	0	13.5820454976	0	0	0
BLOC1S2	0	0	0	0	0	0	0	0	0	0	7.4126232607
BMP2	0	0	0	0	0	0	0	8.5824461648	0	0	0
BMPR2	0	0	0	0	0	0	4.0155050315	0	0	0	0
BMS1P5	0	0	0	0	0	0	0	0	-2.1045709712	0	0
BNIP3	0	19.4179740396	0	0	0	0	0	0	0	0	0
BNIP3L	0	14.1203023706	0	0	0	0	0	0	0	0	0
BRIX1	0	0	0	2.8667490601	0	0	0	0	0	0	0
BRS3	0	0	0	0	0	0	0	0	0.8574735613	0	0
BSDC1	-1.2693689681	0	0	0	0	0	0	0	0	0	0
BST2	0	0	8.1049935855	0	0	0	0	0	0	0	0
BZW1	2.7461519495	0	0	2.7810854305	0	0	0	0	0	0	0
C10orf128	0	0	0	0	0	0	0	0	2.0389521808	0	0
C11orf1	0	0	0	0	0	-3.3342727466	0	0	0	0	0
C11orf71	0	0	0	-2.3667576128	0	0	0	0	0	0	0
C11orf96	0	0	0	0	4.5662260649	0	0	4.7666690507	0	0	0
C12orf77	0	0	0	0	0	0	0	0	0	-4.8379680959	0
C15orf54	0	0	0	0	0	5.8110479848	0	0	0	0	0
C17orf82	0	0	0	0	0	0	0	0	0	0	3.2782830579
C17orf99	0	0	0	0	0	0	0	0	2.2130032152	0	0
C19orf66	0	0	5.4781260499	0	0	0	0	0	0	0	0
C1QTNF1	0	0	0	0	0	0	0	5.7622913564	0	0	0
C1QTNF4	0	0	0	0	0	0	0	0	0	-1.8591680263	0
C2CD5	-1.9390430702	0	0	0	0	0	0	0	0	0	0
C2orf66	0	0	0	0	0	0	0	0	0	0	11.5031743252
C3	0	0	0	0	0	0	0	9.8984378914	0	0	0
C3orf80	0	0	0	0	0	0	4.8090374634	0	0	0	0
C4orf3	0	7.4379188879	0	0	0	0	0	0	0	0	0
C4orf47	0	6.0533009221	0	0	0	0	0	0	0	0	0
C5orf52	0	0	0	0	0	12.2398089551	0	0	0	0	0
C7orf77	0	0	0	0	0	0	0	0	-1.4306194255	0	0
C8orf4	0	0	0	0	0	0	0	8.472723921	0	0	0
C8orf58	0	3.1078714347	0	0	0	0	0	0	0	0	0
CA14	0	0	0	0	0	-4.8380402219	0	0	0	0	0
CA9	0	13.961067839	0	0	0	0	0	0	0	0	0
CABYR	0	0	0	0	0	0	0	0	0	0	6.1254719122
CALD1	0	0	0	0	0	0	3.0516355894	0	0	0	0
CALML6	0	0	0	0	0	0	0	0	1.6775881055	0	0
CAMK4	0	0	0	0	0	0	0	0	0	-2.5470576373	0
CAMLG	0	0	0	0	0	-5.7957037449	0	0	0	0	0
CARF	-1.6012840814	0	0	0	0	0	0	0	0	0	0
CARMN	0	0	0	0	0	0	3.0462635348	0	0	0	0
CARNS1	0	0	0	0	0	0	0	0	0	0	4.5387338447
CASC10	0	0	0	0	0	4.9527414847	0	0	0	0	0
CASP4	0	0	2.4265774803	0	0	0	0	0	0	0	0
CBARP	0.9794424786	0	0	0	0	0	0	0	0	0	0
CBFA2T3	0	0	0	0	0	0	0	0	2.0847503708	0	0
CBFB	0	0	0	2.3399982055	0	0	0	0	0	0	0
CBX7	0	0	0	0	0	-6.4372202528	0	0	0	0	0
CCDC155	0	0	0	0	0	0	0	0	1.6994590813	0	0
CCDC25	0	0	0	0	0	-4.3392713072	0	0	0	0	0
CCDC28A	-3.1018147713	0	0	0	0	-8.0606784412	0	0	0	0	0
CCDC53	0	0	0	-2.2605473395	0	0	0	0	0	0	0
CCDC81	0	0	0	0	0	0	0	0	0	-2.3013636649	0
CCDC90B	0	0	0	0	0	0	0	0	0	0	3.3881094626
CCL2	0	0	0	0	17.5659918325	0	0	19.8461827604	0	0	0
CCL20	0	0	0	0	36.6973078683	0	0	38.3879671244	0	0	0
CCM2	0	0	0	0	0	0	0	0	0	4.274565169	0
CCND1	0	0	0	6.2630116055	0	0	0	0	0	0	0
CCNG2	0	7.3258406693	0	0	0	0	0	0	0	0	0
CD1A	0	0	0	0	0	0	0	0	1.6916094832	0	0
CD40	0	0	0	0	3.5202135907	0	0	0	0	0	0
CD72	0	0	0	0	0	0	0	0	0	-2.7177263885	0
CD80	0	0	0	0	3.7956150755	0	0	0	0	0	0
CD83	0	0	0	0	10.4513708683	0	0	11.0026648585	0	0	0
CD93	0	0	0	0	0	0	0	0	0	3.0804602514	0
CDC37L1	0	0	0	0	0	0	0	0	0	3.3029194866	0
CDCA4	0	0	0	3.0102812616	0	0	0	0	0	0	0
CDH2	0	0	0	0	0	0	3.2883102381	0	0	0	0
CDIP1	0	0	0	0	0	0	0	0	0	0	5.0494435823
CDK5RAP3	0	0	0	0	0	-5.2547665876	0	0	0	0	0
CDKN1A	0	0	0	0	0	0	0	0	0	0	15.9569703108
CDKN2B	0	0	0	0	0	0	3.3737281029	0	0	0	0
CEL	0	0	0	0	0	0	0	0	0	0	4.0495346723
CEPT1	-0.9945937341	0	0	0	0	0	0	0	0	0	0
CES2	0	0	0	0	0	0	0	0	0	0	7.2803848416
CFB	0	0	0	0	6.31351994	0	0	7.4267354265	0	0	0
CFL1	1.3292454787	0	0	0	0	0	0	0	0	0	0
CFLAR	0	0	0	0	4.0167115882	0	0	3.7265442354	0	0	0
CHRNA10	0.6899808998	0	0	0	0	0	0	0	0	0	0
CHST3	0	0	0	0	0	0	2.2218008573	0	0	0	0
CILP	0	0	0	0	0	0	4.6510039637	0	0	0	0
CIR1	0	0	0	0	0	-5.0231611829	0	0	0	0	0
CLCA2	0	0	0	0	0	0	0	0	0	0	10.5192559356
CLDN1	0	0	0	0	0	0	0	9.0899555952	0	0	0
CLDN11	0	0	0	0	0	0	-3.6902833958	0	0	0	0
CLDN8	-2.0187078485	0	0	0	0	0	0	0	0	0	0
CLK3	0	3.5640137671	0	0	0	0	0	0	0	0	0
CLUHP3	0	0	0	0	0	0	0	1.9472882156	0	0	0
CMBL	0	0	0	0	0	0	0	0	0	0	5.0508557292
CMPK2	0	0	15.9287714425	0	0	0	0	0	0	0	0
CMTR1	0	0	2.7808605003	0	0	0	0	0	0	0	0
CNN1	0	0	0	0	0	0	4.9534712487	0	0	0	0
CNP	0	0	2.9606567576	0	0	0	0	0	0	0	0
CNR1	0	0	0	0	0	0	0	0	0	-1.45613759	0
COL1A1	0	0	0	0	0	0	3.5660810424	0	0	0	0
COL4A1	0	0	0	0	0	0	6.3374895748	0	0	0	0
COL4A2	0	0	0	0	0	0	4.2212636778	0	0	0	0
COL5A1	0	0	0	0	0	0	5.2210512456	0	0	0	0
COMMD6	0	0	0	0	0	-3.4624391133	0	0	0	0	0
COMP	0	0	0	0	0	0	9.8992499604	0	0	0	0
COQ8A	0	0	0	0	0	-6.3882123749	0	0	0	0	0
CPA6	0	0	0	0	0	0	0	0	0	-2.563768255	0
CREB3L4	0	0	0	0	0	-9.1026516535	0	0	0	0	0
CREBRF	0	0	0	0	0	-10.4460752742	0	0	0	0	0
CRIPT	-2.0449378699	0	0	0	0	0	0	0	0	0	0
CRKL	0	2.5547342134	0	0	0	0	0	0	0	0	0
CRLF1	0	0	0	0	0	0	4.8252931118	0	0	0	0
CRYL1	0	0	0	0	0	-7.3330261791	0	0	0	0	0
CRYM	0	0	0	0	0	0	0	0	0	3.4610332609	0
CSF2	0	0	0	0	5.9035262779	0	0	8.3554806373	0	0	0
CSF3	0	0	0	0	4.9031843413	0	0	6.3431403754	0	0	0
CSMD3	0	0	0	0	0	0	0	0	0	0	4.812601463
CST7	0	0	0	0	0	0	0	0	2.0845348009	0	0
CSTA	0	0	0	0	0	0	0	0	0	0	9.0060777037
CTD-2297D10.2	0	0	0	0	0	0	0	0	-1.2688720152	0	0
CTDSP1	0	0	0	0	0	-5.5675693175	0	0	0	0	0
CTHRC1	0	0	0	0	0	0	0	9.4595602821	0	0	0
CTSF	0	0	0	0	0	-9.1721427352	0	0	0	0	0
CTSS	0	0	0	0	0	0	0	6.3975388342	0	0	0
CXCL1	0	0	0	0	23.4218587811	0	0	20.4265459835	0	0	0
CXCL11	0	0	15.0076627193	0	15.8343667974	0	0	0	0	0	0
CXCL2	0	0	0	0	9.4034599575	0	0	8.9547595747	0	0	0
CXCL3	0	0	0	0	22.9461142189	0	0	23.7581056722	0	0	0
CXCL5	0	0	0	0	7.1796479166	0	0	10.0813679325	0	0	0
CXCL6	0	0	0	0	8.7254014274	0	0	10.5176140569	0	0	0
CXCL8	0	0	0	0	38.5179286894	0	0	45.4418272162	0	0	0
CXorf56	0	0	0	0	0	0	0	0	-1.3793938977	0	0
CYFIP2	0	0	0	0	0	0	0	0	0	0	7.0609045596
CYLD	0	0	0	0	2.7733142338	0	0	2.8754636539	0	0	0
CYP2J2	0	0	2.0935776003	0	0	0	0	0	0	0	0
CYP4F2	0	0	0	0	0	0	0	0	0	0	4.1394348541
CYSRT1	0	0	0	0	0	0	0	0	0	0	5.0764307587
CYTL1	0	0	0	0	0	-4.8654416364	0	0	0	3.4783279014	0
DACT1	0	0	0	0	0	0	6.2208796855	0	0	0	0
DARS	0	3.6708158442	0	0	0	0	0	0	0	0	0
DAZAP2	0	0	0	-1.4077949826	0	0	0	0	0	0	0
DCAF13	1.4342329571	0	0	0	0	0	0	0	0	0	0
DCBLD2	0	0	0	3.3715156848	0	0	0	0	0	0	0
DCHS2	0	0	0	0	0	0	0	0	0	-1.7317454316	0
DDB2	0	0	0	0	0	0	0	0	0	0	8.1855832601
DDX19A	0	0	0	0	0	0	0	0	-1.4562586132	0	0
DDX58	0	0	12.9653782494	0	0	0	0	0	0	0	0
DDX60	0	0	12.1982332094	0	0	0	0	0	0	0	0
DDX60L	0	0	7.2022830331	0	0	0	0	0	0	0	0
DERL3	0	0	0	0	0	-4.0336794248	0	0	0	0	0
DGKA	0	0	0	0	0	0	0	0	0	0	5.3815056343
DGKI	0	0	0	0	0	0	2.2411436132	0	0	0	0
DHRS12	0	0	0	0	0	-3.4073498191	0	0	0	0	0
DHX58	0	0	4.9099421348	0	0	0	0	0	0	0	0
DLEU7-AS1	0	0	0	0	0	0	0	0	0	-4.0210843286	0
DMRTC2	0	0	0	0	0	0	0	0	-1.4874649933	0	0
DNAJB8	0	0	0	0	0	0	0	0	-1.3663966649	0	0
DNAL4	0	0	0	0	0	-4.445867275	0	0	0	0	0
DNASE2	0	0	0	-1.8218204163	0	0	0	0	0	0	0
DOLK	0	-3.4641716716	0	0	0	0	0	0	0	0	0
DPY19L1P1	-1.3473113259	0	0	0	0	0	0	0	0	0	0
DQX1	0	0	0	0	0	0	0	0	0	0	4.3871161059
DRAM1	0	0	0	0	9.5477003572	0	0	10.7582523735	0	0	0
DRAXIN	0	0	0	0	0	0	0	0	0	0	6.0144052449
DSPP	2.3503871127	0	0	0	0	0	0	0	0	0	0
DTX2	0	0	0	0	0	0	0	2.9313197283	0	0	0
DTX3L	0	0	8.358418698	0	0	0	0	0	0	0	0
DUSP4	6.9671796715	0	0	7.8048159597	0	0	0	0	0	0	0
DUSP5	7.943039507	0	0	7.9200301426	0	0	0	0	0	0	0
DUSP6	12.6293125884	0	0	16.859015828	0	0	0	0	0	0	0
DUSP7	0	0	0	2.4525082634	0	0	0	0	0	0	0
DYNC2LI1	-1.430238602	0	0	0	0	0	0	0	0	0	0
E2F3	0	0	0	2.0343484755	0	0	0	0	0	0	0
EAPP	-2.2398997303	0	0	0	0	0	0	0	0	0	0
EBI3	0	0	0	0	7.5461852101	0	0	0	0	0	0
ECH1	0	0	0	-2.2897420836	0	0	0	0	0	0	0
EDA2R	0	0	0	0	0	0	0	0	0	0	3.1791323027
EDN1	0	0	0	0	0	0	0	7.5856238028	0	0	0
EFHC1	-2.0346036601	0	0	0	0	0	0	0	0	0	0
EFNA1	0	0	0	0	11.433295392	0	0	18.6311093849	0	0	0
EFNA3	0	4.2117400894	0	0	0	0	0	0	0	0	0
EFNB1	0	0	0	0	0	0	0	0	0	0	2.8656789912
EFR3B	0	0	0	0	0	0	1.3343499022	0	0	0	0
EGLN1	0	9.5944500217	0	0	0	0	0	0	0	0	0
EGLN3	0	11.6557279211	0	0	0	0	0	0	0	0	0
EGR3	6.2714155011	0	0	0	0	0	0	0	0	0	0
EGR4	2.9530763854	0	0	0	0	0	0	0	0	0	0
EHD1	0	0	0	0	5.8716073843	0	0	0	0	0	0
EI24	0	0	0	0	0	0	0	0	0	0	4.0920304242
EIF2AK2	0	0	5.7230163249	0	0	0	0	0	0	0	0
ELF2	-1.3429287	0	0	0	0	0	0	0	0	0	0
ELK3	0	0	0	2.9961403928	0	0	0	0	0	0	0
ELOVL7	0	0	0	0	8.7921157534	0	0	0	0	0	0
ENO1	0	6.1038629874	0	0	0	0	0	0	0	0	0
ENO2	0	14.3269398182	0	0	0	0	0	0	0	0	0
EPB41L4A-AS1	0	0	0	0	0	-12.2748613166	0	0	0	0	0
EPHA2	5.4111841021	0	0	6.3140124467	0	0	0	0	0	0	0
EPHA3	0	0	0	0	0	0	0	0	0	-4.4340856086	0
EPN2	0	0	0	0	0	0	0	0	0	10.7661902184	0
EPSTI1	0	0	12.0816176416	0	0	0	0	0	0	0	0
ERICH3-AS1	0	0	0	0	0	0	0	0	1.2441759656	0	0
ERO1A	0	9.6981981878	0	0	0	0	0	0	0	0	0
ETFDH	-1.668458755	0	0	0	0	0	0	0	0	0	0
ETS1	0	0	0	0	0	0	0	4.5911709344	0	0	0
ETV1	0	0	0	3.5634647888	0	0	0	0	0	0	0
ETV4	0	0	0	5.2937839786	0	0	0	0	0	0	0
ETV5	0	0	0	5.9887096059	0	0	0	0	0	0	0
ETV7	0	0	4.7795281619	0	0	0	0	0	0	0	0
EXD3	0.7799245135	0	0	0	0	0	0	0	0	0	0
FAM134C	-2.1223177844	0	0	0	0	0	0	0	0	0	0
FAM13A	0	5.0941798205	0	0	0	0	0	0	0	0	0
FAM13C	0	0	0	0	0	0	0	0	0	0	4.3149745339
FAM149B1	0	0	0	-1.3423423225	0	0	0	0	0	0	0
FAM162A	0	8.3355515515	0	0	0	0	0	0	0	0	0
FAS	0	0	0	0	0	0	0	0	0	0	12.0306013824
FAXDC2	0	0	0	0	0	-12.4212738275	0	0	0	0	0
FBLN5	0	0	0	0	0	0	4.9224852562	0	0	0	0
FBXO22	0	0	0	0	0	0	0	0	0	0	3.6925260016
FBXO25	0	0	0	0	0	-7.0330297344	0	0	0	0	0
FBXO42	0	2.2572287329	0	0	0	0	0	0	0	0	0
FBXW7	0	0	0	0	0	0	0	0	0	0	4.2832855823
FCGRT	0	0	0	0	0	-6.1702434058	0	0	0	0	0
FCMR	0	0	0	0	0	-4.9268801141	0	0	0	0	0
FDXR	0	0	0	0	0	0	0	0	0	0	11.9944959217
FERMT1	0	0	0	2.3337046555	0	0	0	0	0	0	0
FHIT	0	0	0	0	0	-4.6151669467	0	0	0	0	0
FLAD1	0	-3.2942166219	0	0	0	0	0	0	0	0	0
FLCN	0	0	0	0	0	0	0	0	1.5934394482	0	0
FMO5	0	0	0	-1.4972416566	0	0	0	0	0	0	0
FOSL1	7.6478297953	0	0	9.0005223086	0	0	0	0	0	0	0
FOXN3	-1.6795430126	0	0	0	0	0	0	0	0	0	0
FRMPD1	0	0	0	0	0	0	0	0	-2.234614243	0	0
FSTL3	0	0	0	0	0	0	6.8073591034	0	0	0	0
FUT11	0	11.1705821642	0	0	0	0	0	0	0	0	0
GAA	0	0	0	0	0	-5.3677841044	0	0	0	0	0
GABARAP	0	0	0	-2.9616637855	0	0	0	0	0	0	0
GALNT10	0	0	0	0	0	0	3.0470770727	0	0	0	0
GAPDH	0	5.0465525439	0	0	0	0	0	0	0	0	0
GATAD2A	0	0	0	1.3592381883	0	0	0	0	0	0	0
GBE1	0	9.7114993443	0	0	0	0	0	0	0	0	0
GBP1	0	0	10.398686077	0	0	0	0	0	0	0	0
GBP4	0	0	8.0846576698	0	0	0	0	0	0	0	0
GCH1	0	0	0	0	14.0260436645	0	0	0	0	0	0
GDF15	0	0	0	0	0	0	0	0	0	0	9.7739816838
GDF5	0	0	0	0	0	0	-1.9395594858	0	0	0	0
GEMIN8	0	0	0	0	0	-4.1331773597	0	0	0	0	0
GLI4	0	0	0	0	0	-3.0980704897	0	0	0	0	0
GLIPR1L1	0	0	0	0	0	0	0	0	1.1622241729	0	0
GLS2	0	0	0	0	0	0	0	0	0	0	6.4524648847
GNL3L	0	0	0	0	0	0	0	0	-2.0591397338	0	0
GNPTG	0	0	0	0	0	-6.9666095745	0	0	0	0	0
GOLPH3L	-2.7415248706	0	0	0	0	0	0	0	0	0	0
GOPC	0	0	0	0	0	0	2.8545176084	0	0	0	0
GP5	0	0	0	0	0	0	0	0	0	-1.5919264341	0
GPI	0	8.5495802202	0	0	0	0	0	0	0	0	0
GPR176	0	0	0	0	0	0	0	3.0121862726	0	0	0
GPR18	0	0	0	0	0	0	0	0	3.2408048258	0	0
GPR3	0	0	0	1.6308292597	0	0	0	0	0	0	0
GPR75	1.0370395153	0	0	0	0	0	0	0	0	0	0
GPR87	0	0	0	0	0	0	0	0	0	0	10.83612176
GRAMD1C	-2.7970919927	0	0	0	0	0	0	0	0	0	0
GRHL3	0	0	0	0	0	0	0	0	0	0	8.2123101739
GRIA3	0	0	0	0	0	0	1.0868126315	0	0	0	0
GRID1-AS1	0	0	0	0	0	0	0	0	1.6301762501	0	0
GRIN2C	0	0	0	0	0	0	0	0	0	0	1.8393598058
GRIP2	0	0	0	0	0	0	0	0	0	0	2.5276114645
GRPEL1	0	0	0	2.6694687527	0	0	0	0	0	0	0
GSAP	0	0	0	0	0	0	0	4.8681624137	0	0	0
GVQW2	0	0	0	0	0	0	0	0	-1.6325330409	0	0
GYS1	0	4.9228633439	0	0	0	0	0	0	0	0	0
HACD4	0	0	0	0	0	0	0	0	0	-3.7623139198	0
HAR1A	0	0	0	0	0	0	0	0	1.563347171	0	0
HAS3	2.9237377651	0	0	0	0	0	0	0	0	0	0
HELZ2	0	0	4.7621518844	0	0	0	0	0	0	0	0
HERC5	0	0	9.1196424069	0	0	0	0	0	0	0	0
HERC6	0	0	8.7696758787	0	0	0	0	0	0	0	0
HILPDA	0	16.7071235476	0	0	0	0	0	0	0	0	0
HIVEP1	0	0	0	0	3.99971488	0	0	0	0	0	0
HIVEP2	0	0	0	0	3.9514266441	0	0	0	0	0	0
HMGA1	0	0	0	2.8687056823	0	0	0	0	0	0	0
HMGA2	0	0	0	3.727971073	0	0	0	0	0	0	0
HMHB1	0	0	0	0	0	0	0	0	0	-1.7094532838	0
HMOX2	1.7196379726	0	0	0	0	0	0	0	0	0	0
HSBP1L1	0	0	0	0	0	-6.8931569144	0	0	0	0	0
HSD17B6	0	0	0	0	0	0	4.7825272873	0	0	0	0
HSD17B8	0	0	0	0	0	-8.6015706756	0	0	0	0	0
HSD3BP4	0	0	0	0	0	0	0	0	0	0	6.318719214
HTR1F	0	0	0	0	0	0	0	0	-1.4367082643	-2.236459793	0
HVCN1	0	0	0	0	0	0	0	0	2.1822532623	0	0
ICAM1	0	0	0	0	18.3693852641	0	0	22.0393407198	0	0	0
ID1	0	0	0	0	0	0	12.3542876611	0	0	0	0
ID3	0	0	0	0	0	0	10.4811131982	0	0	0	0
ID4	0	0	0	0	0	0	4.1699013501	0	0	0	0
IFI16	0	0	7.2845134628	0	0	0	0	0	0	0	0
IFI27	0	0	11.2026545823	0	0	0	0	0	0	0	0
IFI35	0	0	10.5985356821	0	0	0	0	0	0	0	0
IFI44	0	0	12.4508625272	0	0	0	0	0	0	0	0
IFI44L	0	0	18.8671558887	0	0	0	0	0	0	0	0
IFI6	0	0	12.5796945047	0	0	0	0	0	0	0	0
IFIH1	0	0	8.3476926518	0	6.0420364439	0	0	0	0	0	0
IFIT1	0	0	27.8513630889	0	0	0	0	0	0	0	0
IFIT2	0	0	16.1871460352	0	0	0	0	0	0	0	0
IFIT3	0	0	20.5923065601	0	0	0	0	0	0	0	0
IFIT5	0	0	7.9480689352	0	0	0	0	0	0	0	0
IFITM1	0	0	13.9430942118	0	0	0	0	0	0	0	0
IFNAR2	0	0	0	0	4.6833189833	0	0	7.5807006861	0	0	0
IFNGR2	0	0	0	0	6.0220097248	0	0	7.3777888715	0	0	0
IFNLR1	0	0	0	0	0	0	0	0	1.7142473032	0	0
IGFL1	0	0	0	0	0	0	0	8.95156998	0	0	0
IGLL1	0	0	0	0	0	0	0	0	0	-3.3848905508	0
IGLL3P	0	0	0	0	0	0	0	0	1.2067797133	0	0
IKBKE	0	0	0	0	3.3411268876	0	0	3.7731631812	0	0	0
IKZF3	0	0	0	0	0	0	0	0	0	-1.6069478764	0
IL11	0	0	0	0	0	0	6.3308961563	0	0	0	0
IL15	0	0	0	0	5.1465680922	0	0	5.5071002223	0	0	0
IL1A	0	0	0	0	8.1112909722	0	0	0	0	0	0
IL1B	0	0	0	0	21.6559293107	0	0	0	0	0	0
IL1RN	0	0	0	0	5.1515796597	0	0	4.754297986	0	0	0
IL23A	0	0	0	0	2.0729049236	0	0	0	0	0	0
IL32	0	0	0	0	10.4523164163	0	0	15.9636190889	0	0	0
IL36G	0	0	0	0	9.8264055579	0	0	13.4251743244	0	0	0
IL6	0	0	0	0	21.7706354364	0	0	19.703573328	0	0	0
IL7R	0	0	0	0	8.8133123353	0	0	0	0	0	0
IMMP2L	0	0	0	0	0	0	0	0	0	-2.0119992202	0
ING4	0	0	0	0	0	-7.7001180755	0	0	0	0	0
INHBA	0	0	0	0	12.467593657	0	0	15.5631986772	0	0	0
INO80C	0	0	0	0	0	4.1082174786	0	0	0	0	0
INPP1	0	0	0	0	0	0	0	0	0	0	7.4880758358
INPP5K	0	0	0	0	0	-4.530098153	0	0	0	0	0
INSIG2	0	13.5621938432	0	0	0	0	0	0	0	0	0
IRAK2	0	0	0	0	5.3433916127	0	0	0	0	0	0
IRF1	0	0	0	0	12.6980091249	0	0	15.6507267043	0	0	0
IRF7	0	0	8.0693743209	0	0	0	0	0	0	0	0
IRF9	0	0	7.5265841889	0	0	0	0	0	0	0	0
ISCU	0	0	0	0	0	0	0	0	0	0	5.512349954
ISG15	0	0	20.0390335251	0	0	0	0	0	0	0	0
ISLR2	0	0	0	0	0	0	2.4680600876	0	0	0	0
ITGA11	0	0	0	0	0	0	3.3926975653	0	0	0	0
JCHAIN	0	0	0	0	0	0	0	0	0	-3.3479950128	0
KANK3	0	0	0	0	0	0	0	0	0	0	2.9054397972
KANSL1-AS1	0	0	0	0	0	-6.0699500776	0	0	0	0	0
KCNA5	0	0	0	0	0	0	0	0	1.4800500659	0	0
KCNAB3	0	0	0	0	0	0	0	0	-0.9517336695	0	0
KCNF1	1.5758757301	0	0	0	0	0	0	0	0	0	0
KCNK10	0	0	0	0	0	0	0	0	0	2.8833063639	0
KDM3A	0	10.850752744	0	0	0	0	0	0	0	0	0
KDM4B	0	3.6502093226	0	0	0	0	0	0	0	0	0
KDM4C	0	2.2581509617	0	0	0	0	0	0	0	0	0
KIAA0430	-2.2984685174	0	0	0	0	0	0	0	0	0	0
KIAA1211	0	0	0	0	0	0	0	0	0	-4.8711900305	0
KIAA1522	-2.5069414673	0	0	-2.2998986525	0	0	0	0	0	0	0
KIRREL3	0	0	0	0	0	0	2.5423855596	0	0	0	0
KLHDC2	-3.5939296546	0	0	0	0	0	0	0	0	0	0
KLHDC7A	0	0	0	0	0	0	0	0	0	0	4.5662746091
KLHL14	0	0	0	0	0	0	0	0	-1.762760001	0	0
KMO	0	0	0	0	3.9742350645	0	0	0	0	0	0
KMT5A	0	0	0	1.7409748125	0	0	0	0	0	0	0
KRR1	0	0	0	1.4617071936	0	0	0	0	0	0	0
KRT35	0	0	0	0	0	0	0	0	1.0822472706	0	0
KRT6B	0	0	0	0	0	0	0	4.4162232668	0	0	0
KRTAP19-1	0	0	0	0	0	-6.8819516907	0	0	0	0	0
KYNU	0	0	0	0	6.4044636056	0	0	0	0	0	0
LAMB2	0	0	0	-2.3928796375	0	0	0	0	0	0	0
LAMC2	3.9201157234	0	0	0	0	0	0	0	0	0	0
LAMP3	0	0	9.973230294	0	0	0	0	0	0	0	0
LAMTOR5-AS1	0	0	0	0	0	-8.0315855194	0	0	0	0	0
LAP3	0	0	7.3849588673	0	0	0	0	0	0	0	0
LARP7	-0.9170774558	0	0	0	0	0	0	0	0	0	0
LCE1B	0	0	0	0	0	0	0	0	0	0	11.8137365969
LCE1C	0	0	0	0	0	0	0	0	0	0	30.2207472764
LDHA	0	7.6534503218	0	0	0	0	0	0	0	0	0
LDLR	0	0	0	3.0739109858	0	0	0	0	0	0	0
LECT2	0	0	0	0	0	0	2.9089513707	0	0	0	0
LIM2	0	0	0	0	0	0	0	0	1.1231514358	0	0
LIMS2	0	0	0	0	0	0	2.2749467412	0	0	0	0
LINC00163	0	0	0	0	0	0	0	0	1.8582316675	0	0
LINC00312	0	0	0	0	0	0	4.4289870935	0	0	0	0
LINC00642	0	0	0	0	0	0	0	0	0.9263295588	0	0
LINC01013	0	0	0	0	0	0	0	0	1.6419750937	0	0
LINC01095	0	0	0	0	0	0	0	0	1.2526847448	0	0
LINC01226	0	0	0	0	0	0	0	0	2.0080946381	0	0
LINC01355	0	0	0	0	0	0	0	0	0	3.8672322464	0
LINC01558	0	0	0	0	0	0	0	0	0	-1.2064264565	0
LMCD1	0	0	0	0	0	0	5.6752815263	0	0	0	0
LMO2	0	0	0	0	0	0	0	0	0	3.6517429893	0
LOC100130417	0	0	0	0	0	0	4.1322739699	0	0	0	0
LOC100130476	0	0	0	0	0	0	0	6.5106544912	0	0	0
LOC100131655	0	0	0	0	0	0	0	0	1.6698046294	0	0
LOC100133106	0	0	0	0	0	0	0	0	0	26.7549205678	0
LOC100134937	0	0	0	0	0	-8.9107341224	0	0	0	0	0
LOC100190986	0	0	0	0	0	0	0	0	-4.0816768869	0	0
LOC100288160	0	0	0	0	0	0	0	0	0	-6.3542784632	0
LOC100291323	0	0	0	0	0	0	0	0	-3.2310897998	0	0
LOC100291666	0	0	0	0	0	0	0	0	0	2.3759754337	0
LOC100505938	0	0	0	0	0	-8.2854456284	0	0	0	0	0
LOC100506125	0	0	0	0	0	-4.8813635445	0	0	0	0	0
LOC100506725	0	0	0	0	0	-4.6033253978	0	0	0	0	0
LOC100507477	0	0	0	0	0	-4.8821513309	0	0	0	0	0
LOC100996579	0	0	0	0	0	0	0	0	0	-3.4442805449	0
LOC101926892	0	0	0	0	0	0	0	0	-1.3807377643	0	0
LOC101927363	1.5104066134	0	0	0	0	0	0	0	-1.6054335476	0	0
LOC101927641	0	0	0	0	0	0	0	0	1.2862473938	0	0
LOC101927809	0	0	0	0	0	-6.9352358491	0	0	0	0	0
LOC101928045	0	0	0	0	0	0	0	0	0	-3.9218308343	0
LOC101928076	0	0	0	0	0	0	5.7124712511	0	0	0	0
LOC101928271	0	0	0	0	0	0	0	0	1.2034407157	0	0
LOC101928424	0	0	0	0	0	-4.6274450102	0	0	0	0	0
LOC101928446	0	0	0	0	0	0	0	0	1.3653484567	0	0
LOC101928580	0	0	0	0	0	0	0	0	1.4634596859	0	0
LOC101929609	0	0	0	0	0	0	0	0	-1.7198281767	0	0
LOC102724587	0	0	0	0	0	0	0	0	-3.4921889518	0	0
LOC105373860	0	0	0	0	0	0	0	0	0	-3.0665271067	0
LOC105375483	0	0	0	0	0	0	0	0	1.4762155295	0	0
LOC105375839	1.4286168393	0	0	0	0	0	0	0	0	0	0
LOC105378419	0	0	0	0	0	0	0	0	1.7777723694	0	0
LOC146513	0	0	0	0	0	0	0	0	-1.3462942114	0	0
LOC154761	0	10.1918757999	0	0	0	0	0	0	0	0	0
LOC253573	0	0	0	0	0	0	0	0	-1.1973932002	0	0
LOC283075	0	0	0	0	0	-3.9696740604	0	0	0	0	0
LOC283861	0	0	0	0	0	-12.6682697719	0	0	0	0	0
LOC285043	0	0	0	0	0	0	0	0	1.2535346111	0	0
LOC285097	0	0	0	0	0	0	0	0	-1.5560107254	0	0
LOC400710	0	0	0	0	0	0	0	0	0	0	4.2451490371
LOC440300	0	0	0	0	0	0	0	0	0	-4.1016874917	0
LOC441179	0	0	0	0	0	0	0	0	0	-5.589827044	0
LOC441454	0	0	0	0	0	0	0	0	-1.4632017582	0	0
LOC727916	0	0	0	0	0	0	0	0	0	0	13.9523578884
LOC728061	-4.4427760011	0	0	0	0	0	0	0	0	0	0
LOX	0	7.4612078162	0	0	0	0	0	0	0	0	0
LOXL2	0	4.6087678666	0	0	0	0	0	0	0	0	0
LRMP	0	0	0	0	0	0	0	0	0	-3.3123050701	0
LRP8	0	0	0	4.513004276	0	0	0	0	0	0	0
LRRC15	0	0	0	0	0	0	2.3045951544	0	0	0	0
LRRC23	0	0	0	0	0	-3.2932531105	0	0	0	0	0
LRRC32	0	0	0	0	0	0	5.2935956314	0	0	0	0
LRRN4CL	0	0	0	0	0	0	-3.7845151265	0	0	0	0
LSM12	0	0	0	0	0	0	0	0	-1.9787703156	0	0
LTB	0	0	0	0	3.1875687918	0	0	4.8273116315	0	0	0
LTBP2	0	0	0	0	0	0	4.3727939348	0	0	0	0
LZTFL1	-1.8738769293	0	0	0	0	0	0	0	0	0	0
MAN2B2	0	0	0	-1.9176061372	0	0	0	0	0	0	0
MAP3K8	0	0	0	0	7.3992053647	0	0	0	0	0	0
MAPK7	0	2.6319045211	0	0	0	0	0	0	0	0	0
MARCKS	0	0	0	0	4.7613730889	0	0	0	0	0	0
MBTPS1	-1.4066013755	0	0	0	0	0	0	0	0	0	0
MCAM	0	0	0	0	0	5.1250827229	0	0	0	0	0
MCCC1	-2.1703235298	0	0	-1.9226763274	0	0	0	0	0	0	0
MCL1	0	0	0	3.0128649957	0	0	0	0	0	0	0
MCMBP	0	0	0	1.8875507351	0	0	0	0	0	0	0
MDFI	1.1601090726	0	0	0	0	0	0	0	0	0	0
MDM2	0	0	0	0	0	0	0	0	0	0	8.1934882692
MEX3B	0	0	0	0	0	0	3.9782923703	0	0	0	0
MFAP4	0	0	0	0	0	0	5.8130385011	0	0	0	0
MFGE8	0	0	0	0	0	-5.9015304549	0	0	0	0	0
MGST3	0	0	0	-1.4528316817	0	0	0	0	0	0	0
MIER2	0	0	0	0.9566403574	0	0	0	0	0	0	0
MIR100	0	0	0	0	0	0	0	0	0	12.1922362747	0
MIR181B2	0	0	0	0	0	0	3.2941496429	0	0	0	0
MIR199A1	0	0	0	0	0	0	0	0	0	10.2447973326	0
MIR210HG	0	11.4918648366	0	0	0	0	0	0	0	0	0
MIR222	0	0	0	0	0	0	0	0	0	29.4176978498	0
MIR29A	0	0	0	0	0	0	0	0	0	31.1425219528	0
MIR31	0	0	0	0	0	0	0	0	0	18.7543417591	0
MIR323B	0	0	0	0	0	0	0	0	0	-9.3438561074	0
MIR34A	0	0	0	0	0	0	0	0	0	0	11.1905931461
MIR34AHG	0	0	0	0	0	0	0	0	0	9.0427031509	0
MIR503HG	0	0	0	0	0	0	0	0	0	-13.9385744486	0
MIRLET7A2	0	0	0	0	0	0	0	0	0	14.7005828075	0
MLANA	0	0	0	0	0	-9.985742932	0	0	0	0	0
MMP10	0	0	0	0	0	0	0	8.3474278396	0	0	0
MMP12	0	0	0	0	0	0	0	6.4770171088	0	0	0
MMP13	0	0	0	0	0	0	0	7.105759033	0	0	0
MMP9	0	0	0	0	0	0	0	12.5887577302	0	0	0
MPI	0	3.5021653092	0	0	0	0	0	0	0	0	0
MPP6	0	0	0	2.2426215754	0	0	0	0	0	0	0
MRAS	0	0	0	0	0	0	5.2019665811	0	0	0	0
MRGPRX3	0	0	0	0	0	0	0	10.786210564	0	0	0
MS4A1	0	0	0	0	0	0	0	0	1.4793700718	0	0
MSC	0	0	0	0	6.359206553	0	0	0	0	0	0
MSR1	0	0	0	0	0	0	-1.7648382019	0	0	0	0
MST1	0	0	0	0	0	-4.9868856356	0	0	0	0	0
MUC19	0	0	0	0	0	0	0	0	0	0	7.0401102334
MURC	0	0	0	0	0	0	4.5973433387	0	0	0	0
MUT	-1.6908695701	0	0	0	0	0	0	0	0	0	0
MX1	0	0	19.3841312665	0	0	0	0	0	0	0	0
MX2	0	0	11.8187031026	0	0	0	0	0	0	0	0
MXI1	0	10.8609214546	0	0	0	0	0	0	0	0	0
MYD88	0	0	4.304430723	0	0	0	0	0	0	0	0
MYEOV	1.7266324344	0	0	0	0	0	0	0	0	0	0
MYL5	0	0	0	0	0	-5.2382964606	0	0	0	0	0
MYO1A	0.9947781195	0	0	0	0	0	0	0	0	0	0
MYO3A	0	0	0	0	0	0	0	0	0	-1.9521780421	0
MYOC	0	0	0	0	0	0	0	0	1.0019470962	0	0
MYOZ1	0	0	0	0	0	0	4.9624748495	0	0	0	0
MZB1	0	0	0	0	0	0	0	0	0	-1.7013074124	0
N4BP2L2	-1.594014646	0	0	0	0	0	0	0	0	0	0
NADSYN1	0	0	0	0	0	0	0	0	0	0	3.8369125803
NARF	0	4.0951491253	0	0	0	0	0	0	0	0	0
NBEAP1	0	0	0	0	0	0	0	0	0	0	6.7123085335
NBR1	-1.9972033642	0	0	0	0	0	0	0	0	0	0
NCKAP5	0	0	0	0	0	0	0	0	0	-8.0710593981	0
NCKIPSD	0	2.3369825023	0	0	0	0	0	0	0	0	0
NDRG1	0	22.0871194931	0	0	0	0	0	0	0	0	0
NDST3	0	0	0	0	0	0	0	0	0.9665637983	0	0
NECAP2	0	0	0	0	2.4427935009	0	0	2.7274085202	0	0	0
NECTIN4	0	0	0	0	0	0	0	0	0	0	9.3088762182
NEDD9	0	0	0	0	0	0	4.3611928103	0	0	0	0
NENF	0	0	0	0	0	-2.8622334494	0	0	0	0	0
NFAM1	0	0	0	0	0	0	0	0	1.13890912	0	0
NFKB1	0	0	0	0	9.5136362209	0	0	9.3489580182	0	0	0
NFKB2	0	0	0	0	5.5155753819	0	0	5.0024501483	0	0	0
NFKBIA	0	0	0	0	11.4445337144	0	0	12.5677004377	0	0	0
NFKBIB	0	0	0	0	2.0655958781	0	0	2.0871274069	0	0	0
NFKBIE	0	0	0	0	8.211832848	0	0	10.356205367	0	0	0
NFKBIZ	0	0	0	0	15.1238158368	0	0	0	0	0	0
NGLY1	0	3.5046086485	0	0	0	0	0	0	0	0	0
NID2	0	0	0	0	0	0	0	0	0	-4.9174717252	0
NINJ1	0	0	0	0	8.0122505785	0	0	8.5607346768	0	0	0
NINJ2	0	0	0	0	0	0	3.8756265959	0	0	0	0
NKD2	0	0	0	0	0	0	0	0	0	3.895383726	0
NKX3-1	0	0	0	0	2.3729832993	0	0	2.8716327693	0	0	0
NLGN1	0	0	0	0	0	0	0	0	0	-5.6180749326	0
NLRC5	0	0	6.5468452607	0	0	0	0	0	0	0	0
NMI	0	0	7.4326545876	0	0	0	0	0	0	0	0
NNT	0	0	0	-1.8197282154	0	0	0	0	0	0	0
NOL3	0	3.9380295361	0	0	0	0	0	0	0	0	0
NOX1	0	0	0	0	0	0	-1.0457633749	0	0	0	0
NOX4	0	0	0	0	0	0	5.9138131516	0	0	0	0
NPW	0	0	0	0	0	0	0	0	-2.200019787	0	0
NPY	0	0	0	0	0	0	0	0	1.6067262732	0	0
NR1D2	-3.0832724487	0	0	0	0	0	0	0	0	0	0
NR2E1	0	0	0	0	0	-2.7215180977	0	0	0	0	0
NRF1	0	0	0	0	0	0	0	0	0	0	-2.3510351485
NRG3	0	0	0	0	0	0	0	0	0	-5.8237473289	0
NRN1	0	6.7275168613	0	0	0	0	0	0	0	0	0
NT5E	0	0	0	5.8388813908	0	0	0	0	0	0	0
NT5M	0	0	0	0	0	-3.9151305534	0	0	0	0	0
NUAK1	0	0	0	0	0	0	6.0954299224	0	0	0	0
NUDT19	0	0	0	0	0	0	0	0	0	-9.1113680582	0
NUP50	0	0	0	1.7747107348	0	0	0	0	0	0	0
OAS1	0	0	15.0287145881	0	0	0	0	0	0	0	0
OAS2	0	0	9.6248264339	0	0	0	0	0	0	0	0
OAS3	0	0	10.6188418191	0	0	0	0	0	0	0	0
OASL	0	0	12.7107272064	0	0	0	0	0	0	0	0
ODC1	4.678550829	0	0	0	0	0	0	0	0	0	0
OGFR	0	0	2.0424781375	0	0	0	0	0	0	0	0
OLFM2	0	0	0	0	0	0	2.0653759894	0	0	0	0
OLR1	0	0	0	0	7.8420102864	0	0	0	0	0	0
OPCML	0	0	0	0	0	0	4.4679508831	0	0	0	0
OR5K1	0	0	0	0	0	0	0	0	-1.2612460539	0	0
OSER1-AS1	0	0	0	0	0	-7.8491354463	0	0	0	0	0
P2RX1	0	0	0	0	0	0	2.7581382925	0	0	0	0
P2RY14	0	0	0	0	0	0	0	0	0	2.8300020949	0
P4HA1	0	11.0676566927	0	0	0	0	0	0	0	0	0
P4HA2	0	6.2803435572	0	0	0	0	0	0	0	0	0
PADI4	0	0	0	0	0	0	0	0	0	0	4.1077301477
PAEP	0	0	0	0	0	-3.8032275538	0	0	0	0	0
PAM	0	6.2642963862	0	0	0	0	0	0	0	0	0
PARP12	0	0	6.9441010532	0	0	0	0	0	0	0	0
PARP14	0	0	6.3972838128	0	0	0	0	0	0	0	0
PARP9	0	0	8.7151518591	0	0	0	0	0	0	0	0
PAWR	0	0	0	0	0	0	2.5534342855	0	0	0	0
PBLD	0	0	0	-1.977683783	0	0	0	0	0	0	0
PBX1	0	0	0	-2.9996132648	0	0	0	0	0	0	0
PCMTD2	-2.1953754463	0	0	0	0	0	0	0	0	0	0
PDAP1	0	0	0	0	0	0	0	0	-1.3704966032	0	0
PDE6C	0	0	0	0	0	0	0	0	0	0	3.0141354028
PDK1	0	13.1204494026	0	0	0	0	0	0	0	0	0
PDK3	0	4.3997507387	0	0	0	0	0	0	0	0	0
PDPN	0	0	0	0	0	0	0	2.3542506787	0	0	0
PEX1	-1.6616624091	0	0	0	0	0	0	0	0	0	0
PEX11G	0	0	0	0	0	-4.4546136432	0	0	0	0	0
PFKFB3	0	14.5471920773	0	0	0	0	0	0	0	0	0
PFKFB4	0	8.9402708388	0	0	0	0	0	0	0	0	0
PFKL	0	3.5446163886	0	0	0	0	0	0	0	0	0
PFKP	0	9.2332009056	0	0	0	0	0	0	0	0	0
PGAM1	0	6.378265135	0	0	0	0	0	0	0	0	0
PGAP1	0	0	0	0	0	0	0	0	0	0	5.5742871069
PGF	0	0	0	0	0	0	0	0	0	0	4.4548465124
PGK1	0	9.9939913939	0	0	0	0	0	0	0	0	0
PGM1	0	7.8858346164	0	0	0	0	0	0	0	0	0
PHACTR3	0	0	0	0	0	0	0	0	0	-9.2499686121	0
PHC2	0	0	0	2.3954010239	0	0	0	0	0	0	0
PHF11	0	0	3.8617313364	0	0	0	0	0	0	0	0
PHLDA1	6.6196261287	0	0	7.0452892289	0	0	0	0	0	0	0
PHLDA2	3.5051383414	0	0	3.8582386538	0	0	0	0	0	0	0
PHLDA3	0	0	0	0	0	0	0	0	0	0	6.790437343
PIDD1	0	0	0	0	0	0	0	0	0	0	5.9606407238
PIEZO2	0	0	0	0	0	0	0	0	0	-1.8910970037	0
PIK3C2B	0	0	0	-2.7526865728	0	0	0	0	0	0	0
PKHD1L1	0	0	0	0	0	0	0	0	0	-2.1052040386	0
PKM	0	4.7451797173	0	0	0	0	0	0	0	0	0
PKNOX2	0	0	0	0	0	0	2.0484917399	0	0	0	0
PLAU	0	0	0	0	0	0	0	11.4928841557	0	0	0
PLCB4	0	0	0	0	0	0	3.9338902854	0	0	0	0
PLEK2	3.4392569636	0	0	0	0	0	0	0	0	0	0
PLN	0	0	0	0	0	0	2.7483232219	0	0	0	0
PLOD1	0	6.6102248489	0	0	0	0	0	0	0	0	0
PLOD2	0	13.6001440087	0	0	0	0	0	0	0	0	0
PLSCR1	0	0	8.4816031726	0	0	0	0	0	0	0	0
PLSCR2	0	0	1.5066712035	0	0	0	0	0	0	0	0
PLTP	0	0	0	0	0	0	0	0	0	0	6.8850328851
PMEL	0	0	0	0	0	-6.5903482482	0	0	0	0	0
PMEPA1	0	0	0	0	0	0	8.0961408808	0	0	0	0
PML	0	0	3.6085252767	0	0	0	0	0	0	0	0
PNISR	-1.5953880432	0	0	0	0	0	0	0	0	0	0
PNP	4.6436199416	0	0	4.9104640324	0	0	0	0	0	0	0
PODNL1	0	0	0	0	0	0	2.1489096837	0	0	0	0
POLH	0	0	0	0	0	0	0	0	0	0	5.1760126433
POLR3G	0	0	0	2.8294839762	0	0	0	0	0	0	0
POP4	0	-2.3144126337	0	0	0	0	0	0	0	0	0
POT1	-1.8333008584	0	0	0	0	0	0	0	0	0	0
POT1-AS1	0	0	0	0	0	0	0	0	0	-7.6995829509	0
PP12708	0	0	0	0	0	0	0	0	0	-3.0035987291	0
PP13439	0	0	0	0	0	0	0	0	-1.7483585331	0	0
PPFIA4	0	10.8376145634	0	0	0	0	0	0	0	0	0
PPM1D	0	0	0	0	0	0	0	0	0	0	6.2495205811
PPP2R5B	0	3.4825833962	0	0	0	0	0	0	0	0	0
PPP4R4	0	0	0	0	2.4274715746	0	0	3.328054609	0	0	0
PRCP	0	0	0	-1.2786844411	0	0	0	0	0	0	0
PRDM1	0	0	0	0	4.4165323466	0	0	0	0	0	0
PRKAB1	0	0	0	0	0	0	0	0	0	0	4.5200294593
PRKD2	0	0	2.1554948782	0	0	0	0	0	0	0	0
PRNP	0	0	0	2.5973108073	0	0	0	0	0	0	0
PRR7-AS1	0	0	0	0	0	6.9363220022	0	0	0	0	0
PRSS53	0	1.9745062324	0	0	0	0	0	0	0	0	0
PSMB8	0	0	5.8696840207	0	0	0	0	0	0	0	0
PSMB8-AS1	0	0	4.4960550356	0	0	0	0	0	0	0	0
PSMB9	0	0	8.158511506	0	0	0	0	0	0	0	0
PSMG3-AS1	0	0	0	0	0	-8.0132765833	0	0	0	0	0
PTCH1	0	0	0	0	0	0	0	0	0	-2.7841638232	0
PTHLH	3.613976653	0	0	0	0	0	0	0	0	0	0
PTX3	0	0	0	0	21.2478956389	0	0	21.5027341668	0	0	0
PWP2	1.1724883838	0	0	1.3322121993	0	0	0	0	0	0	0
QRSL1	0	-2.2452978077	0	0	0	0	0	0	0	0	0
RAB20	0	4.2562603252	0	0	0	0	0	0	0	0	0
RAB26	0	0	0	-3.438978272	0	0	0	0	0	0	0
RAB33B	-1.783642816	0	0	0	0	0	0	0	0	0	0
RAB37	0	0	0	0	0	0	0	0	2.9479279177	0	0
RAB5B	0	0	0	-2.0804506421	0	0	0	0	0	0	0
RABGAP1	-1.2694002589	0	0	0	0	0	0	0	0	0	0
RAG2	0	0	0	0	0	0	0	0	1.5714490592	0	0
RASD2	0	0	0	0	0	0	3.3845571522	0	0	0	0
RASL11B	0	0	0	0	0	0	2.7230098704	0	0	0	0
RBM48	-1.0537742383	0	0	0	0	0	0	0	0	0	0
RBPJ	0	3.8514567458	0	0	0	0	0	0	0	0	0
RCOR3	-1.6707723935	0	0	0	0	0	0	0	0	0	0
REL	0	0	0	0	4.7099725567	0	0	0	0	0	0
RELB	0	0	0	0	7.7792219734	0	0	9.2645937847	0	0	0
RETSAT	0	0	0	0	0	0	0	0	0	0	7.1367279861
RFLNB	0	0	0	0	0	0	7.3091301283	0	0	0	0
RGAG4	0	0	0	0	0	0	0	0	0	0	4.5855145348
RGL1	0	0	0	0	0	0	0	0	0	9.3129735866	0
RGS10	0	0	0	0	0	-3.8803973395	0	0	0	0	0
RGSL1	0	0	0	0	0	0	0	0	0.8317474214	0	0
RHBDL2	0	0	0	0	0	0	0	3.6778373713	0	0	0
RHCG	0	0	0	0	0	0	0	3.1016003564	0	0	0
RHEBL1	0	0	0	0	0	0	0	0	4.1287115288	0	0
RINL	0	0	0	0	0	0	0	0	0	0	4.5146896866
RIOK3	0	3.7303012842	0	0	0	0	0	0	0	0	0
RIPK2	0	0	0	0	5.979752131	0	0	5.5724078937	0	0	0
RLF	0	7.0702854752	0	0	0	0	0	0	0	0	0
RND1	0	0	0	0	0	0	0	4.6848806827	0	0	0
RNF114	0	0	2.4915675486	0	0	0	0	0	0	0	0
RNF138	0	0	0	2.3557422074	0	0	0	0	0	0	0
RNF146	-2.170821164	0	0	0	0	0	0	0	0	0	0
RNF175	0	0	0	0	0	0	0	0	2.8009030613	0	0
RNF19B	0	0	0	0	6.7070043373	0	0	0	0	0	0
RNF213	0	0	4.9375160567	0	0	0	0	0	0	0	0
RNF24	0	3.8530589421	0	0	0	0	0	0	0	0	0
RNU105B	0	0	0	0	0	0	0	0	0	-6.3574709101	0
RORA	0	4.5087717603	0	0	0	0	0	0	0	0	0
RORB	0	0	0	0	0	0	0	0	0	-2.7744774021	0
RPS27L	0	0	0	0	0	0	0	0	0	0	6.2511645279
RPS29	0	0	0	0	0	-5.8444408661	0	0	0	0	0
RRM2B	0	0	0	0	0	0	0	0	0	0	10.6329276794
RRP12	0	0	0	0	0	0	0	0	-1.1405686628	0	0
RSAD2	0	0	22.8987274334	0	0	0	0	0	0	0	0
RTP4	0	0	9.4511396758	0	0	0	0	0	0	0	0
RUSC2	0	0	0	0	0	0	2.3531795657	0	0	0	0
RXFP1	0	0	0	0	0	0	-2.2777179298	0	0	0	0
S100A1	0	0	0	0	0	-3.9889239562	0	0	0	0	0
SAMD11	0	0	0	0	0	0	4.9830847044	0	0	0	0
SAMD9	0	0	10.4262191603	0	0	0	0	0	0	0	0
SAMD9L	0	0	10.5628991033	0	0	0	0	0	0	0	0
SAMHD1	0	0	7.133444859	0	0	0	0	0	0	0	0
SAP30	0	2.9057509876	0	0	0	0	0	0	0	0	0
SCML4	0	0	0	0	0	0	0	0	0	-1.8782682055	0
SCN3B	0	0	0	0	0	0	0	0	0	0	4.8590017515
SCNN1D	0	0	0	0	0	0	0	0	-1.4200458065	0	0
SCPEP1	0	0	0	-1.9325651045	0	0	0	0	0	0	0
SDC4	0	0	0	0	8.1534003646	0	0	8.1227762075	0	0	0
SDCCAG3	0	0	0	1.5641536768	0	0	0	0	0	0	0
SEC61G	0	4.7411129338	0	0	0	0	0	0	0	0	0
SECTM1	0	0	5.993229884	0	0	0	0	0	0	0	0
SEMA7A	0	0	0	0	0	0	3.8947720445	0	0	0	0
SENP5	0	0	0	0	0	0	0	0	0	1.8655494571	0
SENP7	-2.1103437829	0	0	0	0	0	0	0	0	0	0
SERPINA3	0	0	0	0	0	0	0	11.4057993244	0	0	0
SERPINB5	0	0	0	0	0	0	0	0	0	0	4.7964056096
SESN1	0	0	0	0	0	0	0	0	0	0	12.5292288975
SGPL1	0	0	0	0	0	0	2.583923273	0	0	0	0
SGPP2	0	0	0	0	7.4169781938	0	0	0	0	0	0
SH2D5	2.4321329761	0	0	0	0	0	0	0	0	0	0
SH3BGRL	0	0	0	-2.7234465093	0	0	0	0	0	0	0
SH3PXD2A	0	0	0	0	0	0	3.8797918089	0	0	0	0
SIDT2	0	0	0	-2.7527108754	0	0	0	0	0	0	0
SIRT2	0	0	0	-1.3232831368	0	0	0	0	0	0	0
SKIL	0	0	0	0	0	0	4.2741812194	0	0	0	0
SLC11A2	0	0	0	0	2.6866480388	0	0	0	0	0	0
SLC15A3	0	0	4.2607391835	0	0	0	0	0	0	0	0
SLC18A1	0	0	0	0	0	4.6520925272	0	0	0	0	0
SLC20A1	0	0	0	6.8103529671	0	0	0	0	0	0	0
SLC25A28	0	0	3.9334616541	0	0	0	0	0	0	0	0
SLC25A36	0	5.3290439903	0	0	0	0	0	0	0	0	0
SLC26A4	0	0	0	0	0	-3.7388398905	0	0	0	0	0
SLC27A1	0	0	0	0	0	-8.3299208397	0	0	0	0	0
SLC2A1	0	8.6791539802	0	0	0	0	0	0	0	0	0
SLC2A6	0	0	0	0	9.7299880987	0	0	10.2491083437	0	0	0
SLC35F2	0	0	0	2.8509820023	0	0	0	0	0	0	0
SLC41A2	0	0	0	0	4.915006504	0	0	5.3579949403	0	0	0
SLC44A5	0	0	0	0	0	0	0	0	0	0	5.0434209204
SLC45A3	1.9024389018	0	0	0	0	0	0	0	0	0	0
SLC4A7	0	0	0	2.709494994	0	0	0	0	0	0	0
SLC52A1	0	0	0	0	0	0	0	0	0	0	4.1555898458
SLC7A9	0	0	0	0	0	0	0	0	1.2157107689	0	0
SLCO2A1	0	0	0	0	0	0	4.8697884334	0	0	0	0
SLCO4A1	0	0	0	4.0845381436	0	0	0	0	0	0	0
SLCO4A1-AS1	0	0	0	0	0	-7.8319405765	0	0	0	0	0
SMAD1	0	0	0	0	0	0	0	0	0	-3.8011115645	0
SMAD6	0	0	0	0	0	0	2.7982653863	0	0	0	0
SMAD7	0	0	0	0	0	0	7.6311433745	0	0	0	0
SMCO3	0	0	0	0	0	0	0	0	0	-2.1019845723	0
SMG1P5	0	0	0	0	0	0	0	0	-4.0487831205	0	0
SMIM10L2A	0	0	0	0	0	0	0	0	0	0	6.3725651952
SMIM19	0	0	0	0	0	-7.210559012	0	0	0	0	0
SMURF1	0	0	0	0	0	0	1.5381532327	0	0	0	0
SMURF2	0	0	0	3.0301617625	0	0	0	0	0	0	0
SNAI1	0	0	0	0	0	0	3.5681739305	0	0	0	0
SNORA70E	0	0	0	0	0	0	0	0	0	-8.3000036113	0
SNORD114-2	0	0	0	0	0	0	0	0	0	-13.3859928558	0
SOCS3	0	0	0	0	4.5119145586	0	0	0	0	0	0
SOD2	0	0	0	0	11.1561501654	0	0	13.6231102744	0	0	0
SP100	0	0	4.4765093161	0	0	0	0	0	0	0	0
SP110	0	0	8.678712721	0	0	0	0	0	0	0	0
SP140L	0	0	2.337863254	0	0	0	0	0	0	0	0
SPAG4	0	10.2130714706	0	0	0	0	0	0	0	0	0
SPAG6	0	0	0	0	0	0	0	0	0	-1.5709152686	0
SPATA18	0	0	0	0	0	0	0	0	0	0	7.8489979648
SPATA2L	1.7564976684	0	0	0	0	0	0	0	0	0	0
SPECC1	0	0	0	0	0	0	2.5741137529	0	0	0	0
SPG11	0	0	0	-1.3378836847	0	0	0	0	0	0	0
SPHK1	0	0	0	0	0	0	6.0901115386	0	0	0	0
SPINK2	0	0	0	0	0	0	0	0	1.333166094	-1.8911893782	0
SPOCD1	4.2956894012	0	0	0	0	0	0	0	0	0	0
SPRED1	0	0	0	6.2099482438	0	0	0	0	0	0	0
SPRED2	0	0	0	3.501834641	0	0	0	0	0	0	0
SPRY2	0	0	0	9.4815847481	0	0	0	0	0	0	0
SPRY4	0	0	0	10.1144705372	0	0	0	0	0	0	0
SPSB3	0	0	0	0	0	-6.5337285584	0	0	0	0	0
SQRDL	0	0	0	0	0	0	0	5.9567151681	0	0	0
SRGAP2	0	0	0	0	0	0	0	0	0	-4.3400036438	0
SRGAP3	0	0	0	0	0	0	0	0	0	0	2.5185476046
SRGN	0	0	0	0	0	0	0	3.9513283862	0	0	0
SRP14	0	0	0	-1.594412343	0	0	0	0	0	0	0
STAG1	0	0	0	0	0	0	0	0	0	0	-3.8651133487
STAT1	0	0	9.0839365661	0	0	0	0	0	0	0	0
STAT2	0	0	4.1471760679	0	0	0	0	0	0	0	0
STAT5A	0	0	0	0	3.9865610032	0	0	0	0	0	0
STK17A	0	0	0	2.9405668773	0	0	0	0	0	0	0
STX11	0	0	0	0	4.5252324492	0	0	0	0	0	0
STX1A	0	0	0	2.2151512136	0	0	0	0	0	0	0
STX6	0	0	0	0	0	0	0	0	0	0	3.4657999963
STX8	0	0	0	-1.1064064247	0	0	0	0	0	0	0
SYF2	-1.4076357525	0	0	0	0	0	0	0	0	0	0
SYNDIG1	0	0	0	0	0	0	1.8364038597	0	0	0	0
SYT15	0	0	0	0	0	0	3.8577431539	0	0	0	0
TAP1	0	0	9.7776383431	0	0	0	0	0	0	0	0
TAP2	0	0	3.5922603606	0	0	0	0	0	0	0	0
TAPBP	0	0	0	0	0	0	0	3.9797425167	0	0	0
TAS2R5	0	0	0	0	0	0	0	0	-2.1760680753	0	0
TAS2R9	0	0	0	0	0	0	0	0	1.1170477848	0	0
TBC1D15	0	0	0	0	0	-5.4126310398	0	0	0	0	0
TCOF1	0	0	0	2.2115780549	0	0	0	0	0	0	0
TDRD7	0	0	6.5666468195	0	0	0	0	0	0	0	0
TEC	0	0	0	0	0	0	0	0	2.0513216388	0	0
TESPA1	0	0	0	0	0	0	0	0	0.9666588741	0	0
TEX37	0	0	0	0	0	0	0	0	0	0	3.0384825775
TFDP2	0	0	0	0	0	-5.6735882272	0	0	0	0	0
THNSL2	0	0	0	0	0	-4.3183405793	0	0	0	0	0
TICAM1	0	0	0	0	3.4920846739	0	0	3.4637566632	0	0	0
TIFA	0	0	0	0	5.1441124462	0	0	6.0522927716	0	0	0
TIGAR	0	0	0	0	0	0	0	0	0	0	10.1514954141
TLDC2	0	0	0	0	0	0	0	0	1.7471644561	0	0
TLR10	0	0	0	0	0	0	0	0	-1.5185782639	0	0
TLR2	0	0	0	0	5.414219976	0	0	7.0393577682	0	0	0
TMCC3	0	0	0	0	0	0	0	0	0	7.2719939188	0
TMEM140	0	0	5.1071410441	0	0	0	0	0	0	0	0
TMEM217	0	0	0	0	3.3538132596	0	0	4.0381506796	0	0	0
TMEM259	0	0	0	0	0	0	0	0	-1.4901164663	0	0
TMEM27	0	0	0	0	0	0	0	0	0	0	6.8293410764
TMEM42	0	0	0	0	0	-7.9893267478	0	0	0	0	0
TMEM45A	0	17.8768001565	0	0	0	0	0	0	0	0	0
TMEM59	-1.8640664266	0	0	-2.2642729626	0	0	0	0	0	0	0
TMEM62	0	0	2.3069352991	0	0	0	0	0	0	0	0
TMEM63B	0	0	0	0	0	0	0	0	0	0	4.8073522267
TMEM74	0	0	0	0	0	0	0	0	1.2320647919	0	0
TMUB2	0	0	0	-1.6738161799	0	0	0	0	0	0	0
TMX2	0	-3.6979440176	0	0	0	0	0	0	0	0	0
TNF	0	0	0	0	18.6392620596	0	0	0	0	0	0
TNFAIP1	0	0	0	0	0	0	0	2.7785493846	0	0	0
TNFAIP2	0	0	0	0	10.9108073919	0	0	12.2137267034	0	0	0
TNFAIP3	0	0	0	0	28.3737523135	0	0	35.4007175515	0	0	0
TNFAIP6	0	0	0	0	19.1822634609	0	0	0	0	0	0
TNFAIP8	0	0	0	0	4.9368238046	0	0	0	0	0	0
TNFRSF10A	0	0	0	5.1730443269	0	0	0	0	0	0	0
TNFRSF10B	0	0	0	0	0	0	0	0	0	0	6.0094593885
TNFRSF9	0	0	0	0	5.9960590481	0	0	0	0	0	0
TNFSF15	0	0	0	0	6.2458472754	0	0	0	0	0	0
TNFSF4	0	0	0	0	0	0	5.5038930352	0	0	0	0
TNIP1	0	0	0	0	6.1347266766	0	0	6.4295944345	0	0	0
TNIP2	0	0	0	0	3.3107273515	0	0	3.3942899779	0	0	0
TNIP3	0	0	0	0	8.2593409383	0	0	0	0	0	0
TNNI3	0	0	0	0	0	-3.6721944216	0	0	0	0	0
TNS3	0	0	0	-2.7264638131	0	0	0	0	0	0	0
TOP1	0	0	0	3.6334088008	0	0	0	0	0	0	0
TP53I3	0	0	0	0	0	0	0	0	0	0	18.2611473292
TP53INP1	0	0	0	0	0	0	0	0	0	0	8.6583822631
TPM1	0	0	0	0	0	0	4.5953608095	0	0	0	0
TPPP	0	0	0	0	0	-2.5431181614	0	0	0	0	0
TRAF1	0	0	0	0	10.3355766029	0	0	9.3960011951	0	0	0
TRANK1	0	0	3.5888746849	0	0	0	0	0	0	0	0
TRH	0.7719646614	0	0	0	0	0	0	0	0	0	0
TRIAP1	0	0	0	0	0	0	0	0	0	0	6.4227889822
TRIB1	3.9177943833	0	0	4.1829430716	0	0	0	0	0	0	0
TRIM14	0	0	3.0379588514	0	0	0	0	0	0	0	0
TRIM21	0	0	6.6741881172	0	0	0	0	0	0	0	0
TRIM22	0	0	10.5674574972	0	0	0	0	0	0	0	0
TRIM25	0	0	3.4141309207	0	0	0	0	0	0	0	0
TRIM38	0	0	3.4927261463	0	0	0	0	0	0	0	0
TRIM47	0	0	0	0	0	0	0	5.2443040883	0	0	0
TRIM5	0	0	3.423490343	0	0	0	0	0	0	0	0
TRIM52	-2.0121603319	0	0	-2.2011903869	0	0	0	0	0	0	0
TRIM63	0	0	0	0	0	-5.5285976741	0	0	0	0	0
TRIM72	0	0	0	0	0	0	0	0	1.586638555	0	0
TRIP10	0	0	0	0	4.1675617488	0	0	0	0	0	0
TSNARE1	0	0	0	0	0	-2.4315033013	0	0	0	0	0
TSPAN2	0	0	0	0	0	0	5.5023261158	0	0	0	0
TTC12	0	0	0	0	0	-3.1848730433	0	0	0	0	0
TTC28	0	0	0	0	0	0	0	0	0	-2.0738964218	0
TTC33	-1.3844089816	0	0	0	0	0	0	0	0	0	0
TUBB4B	4.0845102076	0	0	0	0	0	0	0	0	0	0
TUBB7P	0.9968791702	0	0	0	0	0	0	0	0	0	0
TUFT1	0	0	0	0	0	0	6.0109912972	0	0	0	0
TYMP	0	0	0	0	0	0	0	4.0186251434	0	0	0
TYR	0	0	0	0	0	-5.0768540893	0	0	0	0	0
UAP1L1	0	0	0	0	0	0	0	0	2.7973723557	0	0
UBA2	0	0	0	2.0798784879	0	0	0	0	0	0	0
UBALD2	0	0	0	0	0	-9.985377465	0	0	0	0	0
UBASH3B	0	0	0	4.9676240117	0	0	0	0	0	0	0
UBE2L6	0	0	8.215585126	0	0	0	0	0	0	0	0
UBE2Q2P1	0	0	0	0	0	0	0	0	0	-9.7158353436	0
UBE2Z	0	0	0	0	2.1529327657	0	0	2.2487996218	0	0	0
UNC5B	0	0	0	0	0	0	3.8338195218	0	0	0	0
UNC5B-AS1	0	0	0	0	0	0	0	0	0	0	9.4317689617
UNC5D	0	0	0	0	0	0	0	0	0	-2.5394275494	0
USP18	0	0	12.1780117528	0	0	0	0	0	0	0	0
USP43	0	0	0	0	0	0	0	3.4492245557	0	0	0
UXS1	0	0	0	0	0	0	0	4.2349708222	0	0	0
VAMP5	0	0	0	0	0	-4.3610740034	0	0	0	0	0
VASH2	0	0	0	0	0	0	0	0	0	-3.0437601963	0
VAV3	-3.3864850362	0	0	0	0	0	0	0	0	0	0
VEGFA	0	10.6128989258	0	0	0	0	0	0	0	0	0
VHL	0	0	0	0	0	0	0	0	-1.192308107	0	0
VKORC1	0	5.4194336739	0	0	0	0	0	0	0	0	0
VLDLR	0	10.2663341425	0	0	0	0	0	0	0	0	0
VPREB1	0	0	0	0	0	0	0	0	0	-3.1796901692	0
VPREB3	0	0	0	0	0	0	0	0	0	-3.392337935	0
VPS9D1-AS1	1.6017470093	0	0	0	0	0	0	0	0	0	0
VTRNA1-2	0	0	0	0	0	0	0	0	0	12.3149043377	0
VWA8	0	0	0	0	0	0	0	0	0	-3.6068043404	0
WBSCR27	0	0	0	0	0	-4.5498730552	0	0	0	0	0
WDR19	-1.4937894241	0	0	0	0	0	0	0	0	0	0
WDR3	0	0	0	2.299115299	0	0	0	0	0	0	0
WDR31	0	0	0	0	0	-3.9438387823	0	0	0	0	0
WDR45B	0	4.5043623323	0	0	0	0	0	0	0	0	0
WDR54	0	5.6955016418	0	0	0	0	0	0	0	0	0
WDR63	0	0	0	0	0	0	0	0	0	0	13.0984058801
WDR78	0	0	0	0	0	-3.6271225753	0	0	0	0	0
WDR97	0	0	0	0	0	0	0	0	-1.3506488351	0	0
WFDC10A	0	0	0	0	0	0	0	0	1.5981959591	0	0
WIPI2	0	0	0	0	0	-3.1530660599	0	0	0	0	0
WNT16	0	0	0	0	0	0	0	0	0	-2.0380112283	0
WNT8A	0	0	0	0	0	0	0	0	-1.8469616099	0	0
WSB1	0	7.0242243477	0	0	0	0	0	0	0	0	0
WT1-AS	0	0	0	0	0	0	0	0	2.2251053604	0	0
WTAP	0	0	0	0	3.7666344029	0	0	3.221528199	0	0	0
XAF1	0	0	8.780286115	0	0	0	0	0	0	0	0
XK	0	0	0	0	0	0	0	0	0	-4.1155950554	0
XKR4	0	0	0	0	0	0	0	0	0	-3.6325157636	0
XPC	0	0	0	0	0	0	0	0	0	0	6.5870260086
XRCC3	1.4879570751	0	0	1.5437565622	0	0	0	0	0	0	0
XRCC4	0	0	0	0	0	0	3.3772318622	0	0	0	0
XYLT1	0	0	0	0	0	0	3.197715603	0	0	0	0
YBX2	0	0	0	0	0	-4.4198573451	0	0	0	0	0
YEATS2	0	5.3531275165	0	0	0	0	0	0	0	0	0
YIPF5	0	0	0	0	0	0	2.8119363565	0	0	0	0
YRDC	0	0	0	3.6256464293	0	0	0	0	0	0	0
ZBED8	-3.1168487743	0	0	0	0	0	0	0	0	0	0
ZBP1	0	0	1.9414515596	0	0	0	0	0	0	0	0
ZBTB25	0	3.4190588078	0	0	0	0	0	0	0	0	0
ZBTB3	0	0	0	-1.5691639732	0	0	0	0	0	0	0
ZC3HAV1	0	0	5.1337269925	0	0	0	0	0	0	0	0
ZIM3	0	0	0	0	0	0	0	0	1.4980606593	0	0
ZMAT3	0	0	0	0	0	0	0	0	0	0	7.9566982646
ZMPSTE24	0	-4.3923402775	0	0	0	0	0	0	0	0	0
ZNF160	0	2.7139242251	0	0	0	0	0	0	0	0	0
ZNF200	0	0	0	0	0	0	0	0	0	3.5046920531	0
ZNF224	-1.3973098555	0	0	0	0	0	0	0	0	0	0
ZNF257	0	0	0	0	0	0	0	0	0	-4.5561455481	0
ZNF292	0	6.0239381119	0	0	0	0	0	0	0	0	0
ZNF32-AS3	0	0	0	0	0	0	0	0	0.8958934872	0	0
ZNF337	0	0	0	0	0	0	0	0	0	0	3.3017630301
ZNF347	0	0	0	0	0	0	0	0	0	3.0310536501	0
ZNF350	-1.2635000675	0	0	0	0	0	0	0	0	0	0
ZNF395	0	8.0609340435	0	0	0	0	0	0	0	0	0
ZNF415	0	0	0	0	0	0	0	0	0	-2.7834650585	0
ZNF451	-1.0560068807	0	0	0	0	0	0	0	0	0	0
ZNF554	0	0	0	0	0	-2.6749782386	0	0	0	0	0
ZNF561	0	0	0	0	0	0	0	0	0	0	10.1232181977
ZNF571	-1.903966942	0	0	0	0	0	0	0	0	0	0
ZNF597	0	0	0	0	0	0	0	0	0	3.0208800555	0
ZNF654	0	4.2880619632	0	0	0	0	0	0	0	0	0
ZNF669	0	0	0	0	0	0	0	0	0	-2.1874532086	0
ZNF75D	-1.3158194734	0	0	0	0	0	0	0	0	0	0
ZNF79	0	0	0	0	0	0	0	0	0	0	4.0202633444
ZNF83	0	0	0	0	0	0	0	0	0	0	-5.8575187614
ZNFX1	0	0	6.4963982142	0	0	0	0	0	0	0	0
ZNRF4	0	0	0	0	0	0	0	0	1.0338854193	0	0
ZSCAN2	0	0	0	0	0	-3.1587434535	0	0	0	0	0
ZSCAN31	-3.1000917089	0	0	-3.3278642207	0	0	0	0	0	0	0
ZSCAN4	0	0	0	0	0	0	0	0	0	0	3.1834625062
